Datetime,Water Level (m)
2026-10-04 12:00:00,0.6541403
2026-10-04 13:00:00,0.641072
2026-10-04 14:00:00,0.64238065
2026-10-04 15:00:00,0.6779247
2026-10-04 16:00:00,0.7699356
2026-10-04 17:00:00,0.9036014
2026-10-04 18:00:00,1.0544083
2026-10-04 19:00:00,1.1563448
2026-10-04 20:00:00,1.1918597
2026-10-04 21:00:00,1.1739357
2026-10-04 22:00:00,1.1402757
2026-10-04 23:00:00,1.1083788
2026-10-05 00:00:00,1.0815208
2026-10-05 01:00:00,1.0622003
2026-10-05 02:00:00,1.0522156
2026-10-05 03:00:00,1.0641689
2026-10-05 04:00:00,1.1346165
2026-10-05 05:00:00,1.2668636
2026-10-05 06:00:00,1.4392374
2026-10-05 07:00:00,1.58431
2026-10-05 08:00:00,1.666616
2026-10-05 09:00:00,1.6641505
2026-10-05 10:00:00,1.6169587
2026-10-05 11:00:00,1.566427
2026-10-05 12:00:00,1.5229652
2026-10-05 13:00:00,1.4855883
2026-10-05 14:00:00,1.4537929
2026-10-05 15:00:00,1.426758
2026-10-05 16:00:00,1.4064238
2026-10-05 17:00:00,1.4089999
2026-10-05 18:00:00,1.468464
2026-10-05 19:00:00,1.5838842
2026-10-05 20:00:00,1.700002
2026-10-05 21:00:00,1.7609237
2026-10-05 22:00:00,1.7632558
2026-10-05 23:00:00,1.7324404
2026-10-06 00:00:00,1.6920035
2026-10-06 01:00:00,1.651915
2026-10-06 02:00:00,1.615853
2026-10-06 03:00:00,1.5840441
2026-10-06 04:00:00,1.5582218
2026-10-06 05:00:00,1.5527447
2026-10-06 06:00:00,1.6015784
2026-10-06 07:00:00,1.7197977
2026-10-06 08:00:00,1.8641171
2026-10-06 09:00:00,1.9704977
2026-10-06 10:00:00,1.9892339
2026-10-06 11:00:00,1.9479731
2026-10-06 12:00:00,1.8910233
2026-10-06 13:00:00,1.8353773
2026-10-06 14:00:00,1.7851784
2026-10-06 15:00:00,1.7409886
2026-10-06 16:00:00,1.7011063
2026-10-06 17:00:00,1.6662893
2026-10-06 18:00:00,1.648829
2026-10-06 19:00:00,1.6865401
2026-10-06 20:00:00,1.7933297
2026-10-06 21:00:00,1.9195715
2026-10-06 22:00:00,1.9914999
2026-10-06 23:00:00,1.9881965
2026-10-07 00:00:00,1.9437497
2026-10-07 01:00:00,1.8900508
2026-10-07 02:00:00,1.8378015
2026-10-07 03:00:00,1.790153
2026-10-07 04:00:00,1.7471737
2026-10-07 05:00:00,1.7092241
2026-10-07 06:00:00,1.6864234
2026-10-07 07:00:00,1.7183515
2026-10-07 08:00:00,1.8312871
2026-10-07 09:00:00,1.9857537
2026-10-07 10:00:00,2.0867178
2026-10-07 11:00:00,2.093325
2026-10-07 12:00:00,2.0413404
2026-10-07 13:00:00,1.9780251
2026-10-07 14:00:00,1.9176303
2026-10-07 15:00:00,1.8629522
2026-10-07 16:00:00,1.813515
2026-10-07 17:00:00,1.7680675
2026-10-07 18:00:00,1.7290246
2026-10-07 19:00:00,1.7143897
2026-10-07 20:00:00,1.769632
2026-10-07 21:00:00,1.9065726
2026-10-07 22:00:00,2.0556383
2026-10-07 23:00:00,2.1225045
2026-10-08 00:00:00,2.0931032
2026-10-08 01:00:00,2.0283413
2026-10-08 02:00:00,1.9615998
2026-10-08 03:00:00,1.9004986
2026-10-08 04:00:00,1.8461064
2026-10-08 05:00:00,1.7974917
2026-10-08 06:00:00,1.7543938
2026-10-08 07:00:00,1.7292274
2026-10-08 08:00:00,1.7705331
2026-10-08 09:00:00,1.8995918
2026-10-08 10:00:00,2.0634875
2026-10-08 11:00:00,2.1495028
2026-10-08 12:00:00,2.1292856
2026-10-08 13:00:00,2.0624504
2026-10-08 14:00:00,1.9911977
2026-10-08 15:00:00,1.926818
2026-10-08 16:00:00,1.8696455
2026-10-08 17:00:00,1.8182846
2026-10-08 18:00:00,1.7710757
2026-10-08 19:00:00,1.7324626
2026-10-08 20:00:00,1.7397252
2026-10-08 21:00:00,1.8439616
2026-10-08 22:00:00,2.0215507
2026-10-08 23:00:00,2.162152
2026-10-09 00:00:00,2.1818938
2026-10-09 01:00:00,2.1188645
2026-10-09 02:00:00,2.041335
2026-10-09 03:00:00,1.96925
2026-10-09 04:00:00,1.9057515
2026-10-09 05:00:00,1.8493536
2026-10-09 06:00:00,1.7983063
2026-10-09 07:00:00,1.7536896
2026-10-09 08:00:00,1.7391179
2026-10-09 09:00:00,1.8185267
2026-10-09 10:00:00,1.9881408
2026-10-09 11:00:00,2.151223
2026-10-09 12:00:00,2.1955976
2026-10-09 13:00:00,2.1395497
2026-10-09 14:00:00,2.0608008
2026-10-09 15:00:00,1.9862189
2026-10-09 16:00:00,1.9199609
2026-10-09 17:00:00,1.8617866
2026-10-09 18:00:00,1.8089118
2026-10-09 19:00:00,1.7612417
2026-10-09 20:00:00,1.733216
2026-10-09 21:00:00,1.7869829
2026-10-09 22:00:00,1.9499907
2026-10-09 23:00:00,2.153573
2026-10-10 00:00:00,2.2574725
2026-10-10 01:00:00,2.220642
2026-10-10 02:00:00,2.1312158
2026-10-10 03:00:00,2.044924
2026-10-10 04:00:00,1.969441
2026-10-10 05:00:00,1.9041333
2026-10-10 06:00:00,1.8461937
2026-10-10 07:00:00,1.7933912
2026-10-10 08:00:00,1.7512136
2026-10-10 09:00:00,1.7632412
2026-10-10 10:00:00,1.8827249
2026-10-10 11:00:00,2.0650544
2026-10-10 12:00:00,2.1820965
